theme_name,theme_link,last_update,last_update_author,theme_author
[Татьяна Надеждина] Видеоурок по стилизации семейных фотосессий (2019),https://sharewood.pro/threads/%D0%A2%D0%B0%D1%82%D1%8C%D1%8F%D0%BD%D0%B0-%D0%9D%D0%B0%D0%B4%D0%B5%D0%B6%D0%B4%D0%B8%D0%BD%D0%B0-%D0%92%D0%B8%D0%B4%D0%B5%D0%BE%D1%83%D1%80%D0%BE%D0%BA-%D0%BF%D0%BE-%D1%81%D1%82%D0%B8%D0%BB%D0%B8%D0%B7%D0%B0%D1%86%D0%B8%D0%B8-%D1%81%D0%B5%D0%BC%D0%B5%D0%B9%D0%BD%D1%8B%D1%85-%D1%84%D0%BE%D1%82%D0%BE%D1%81%D0%B5%D1%81%D1%81%D0%B8%D0%B9-2019.41422/,18 Ноя 2019 в 22:24,Pr19,nott
Ваши пожелания.,https://sharewood.pro/threads/%D0%92%D0%B0%D1%88%D0%B8-%D0%BF%D0%BE%D0%B6%D0%B5%D0%BB%D0%B0%D0%BD%D0%B8%D1%8F.2609/,18 Ноя 2019 в 22:03,feizl,Робин Гуд
Открываем хайды [slivysklad.com],https://sharewood.pro/threads/%D0%9E%D1%82%D0%BA%D1%80%D1%8B%D0%B2%D0%B0%D0%B5%D0%BC-%D1%85%D0%B0%D0%B9%D0%B4%D1%8B-slivysklad-com.41288/,18 Ноя 2019 в 22:03,Уилл Скарлет,Уилл Скарлет
MS Excel 2013/2016. Базовый + Продвинутый + Мастерский.,https://sharewood.pro/threads/ms-excel-2013-2016-%D0%91%D0%B0%D0%B7%D0%BE%D0%B2%D1%8B%D0%B9-%D0%9F%D1%80%D0%BE%D0%B4%D0%B2%D0%B8%D0%BD%D1%83%D1%82%D1%8B%D0%B9-%D0%9C%D0%B0%D1%81%D1%82%D0%B5%D1%80%D1%81%D0%BA%D0%B8%D0%B9.41080/,18 Ноя 2019 в 22:01,Уилл Скарлет,Уилл Скарлет
Раздача www.pornhub.com - free and premium...,https://sharewood.pro/threads/%D0%A0%D0%B0%D0%B7%D0%B4%D0%B0%D1%87%D0%B0-www-pornhub-com-free-and-premium.39538/,18 Ноя 2019 в 22:00,zastvi,The404
"[ФигАсебе] Мануэль Ясэр, Денис Чертовский - Ментализм 2: Материальность мысли",https://sharewood.pro/threads/%D0%A4%D0%B8%D0%B3%D0%90%D1%81%D0%B5%D0%B1%D0%B5-%D0%9C%D0%B0%D0%BD%D1%83%D1%8D%D0%BB%D1%8C-%D0%AF%D1%81%D1%8D%D1%80-%D0%94%D0%B5%D0%BD%D0%B8%D1%81-%D0%A7%D0%B5%D1%80%D1%82%D0%BE%D0%B2%D1%81%D0%BA%D0%B8%D0%B9-%D0%9C%D0%B5%D0%BD%D1%82%D0%B0%D0%BB%D0%B8%D0%B7%D0%BC-2-%D0%9C%D0%B0%D1%82%D0%B5%D1%80%D0%B8%D0%B0%D0%BB%D1%8C%D0%BD%D0%BE%D1%81%D1%82%D1%8C-%D0%BC%D1%8B%D1%81%D0%BB%D0%B8.36774/,18 Ноя 2019 в 21:59,Platon42,Дева Мариан
Активация премиума на RWND.CX,https://sharewood.pro/threads/%D0%90%D0%BA%D1%82%D0%B8%D0%B2%D0%B0%D1%86%D0%B8%D1%8F-%D0%BF%D1%80%D0%B5%D0%BC%D0%B8%D1%83%D0%BC%D0%B0-%D0%BD%D0%B0-rwnd-cx.38285/,18 Ноя 2019 в 21:54,Уилл Скарлет,Уилл Скарлет
Оформить премиум подписку!,https://sharewood.pro/threads/%D0%9E%D1%84%D0%BE%D1%80%D0%BC%D0%B8%D1%82%D1%8C-%D0%BF%D1%80%D0%B5%D0%BC%D0%B8%D1%83%D0%BC-%D0%BF%D0%BE%D0%B4%D0%BF%D0%B8%D1%81%D0%BA%D1%83.1774/,18 Ноя 2019 в 21:46,Уилл Скарлет,Уилл Скарлет
Открываем хайды [infosliv.ru],https://sharewood.pro/threads/%D0%9E%D1%82%D0%BA%D1%80%D1%8B%D0%B2%D0%B0%D0%B5%D0%BC-%D1%85%D0%B0%D0%B9%D0%B4%D1%8B-infosliv-ru.41287/,18 Ноя 2019 в 21:45,MaxZP89,Уилл Скарлет
[Алексей Капранов] - Либидо-мортидо. Основы позитивного мышления,https://sharewood.pro/threads/%D0%90%D0%BB%D0%B5%D0%BA%D1%81%D0%B5%D0%B9-%D0%9A%D0%B0%D0%BF%D1%80%D0%B0%D0%BD%D0%BE%D0%B2-%D0%9B%D0%B8%D0%B1%D0%B8%D0%B4%D0%BE-%D0%BC%D0%BE%D1%80%D1%82%D0%B8%D0%B4%D0%BE-%D0%9E%D1%81%D0%BD%D0%BE%D0%B2%D1%8B-%D0%BF%D0%BE%D0%B7%D0%B8%D1%82%D0%B8%D0%B2%D0%BD%D0%BE%D0%B3%D0%BE-%D0%BC%D1%8B%D1%88%D0%BB%D0%B5%D0%BD%D0%B8%D1%8F.36037/,18 Ноя 2019 в 21:38,Nadia4766,Братец Тук
"Живая астрология. Курс по натальной астрологии-2018/2019 (Павел Дементьев) 2,3,4 модуль",https://sharewood.pro/threads/%D0%96%D0%B8%D0%B2%D0%B0%D1%8F-%D0%B0%D1%81%D1%82%D1%80%D0%BE%D0%BB%D0%BE%D0%B3%D0%B8%D1%8F-%D0%9A%D1%83%D1%80%D1%81-%D0%BF%D0%BE-%D0%BD%D0%B0%D1%82%D0%B0%D0%BB%D1%8C%D0%BD%D0%BE%D0%B9-%D0%B0%D1%81%D1%82%D1%80%D0%BE%D0%BB%D0%BE%D0%B3%D0%B8%D0%B8-2018-2019-%D0%9F%D0%B0%D0%B2%D0%B5%D0%BB-%D0%94%D0%B5%D0%BC%D0%B5%D0%BD%D1%82%D1%8C%D0%B5%D0%B2-2-3-4-%D0%BC%D0%BE%D0%B4%D1%83%D0%BB%D1%8C.41276/,18 Ноя 2019 в 22:33,Anna_len,Anna_len
[Максим Темченко] 5 готовых стратегий финансового роста от долларового миллионера (2019),https://sharewood.pro/threads/%D0%9C%D0%B0%D0%BA%D1%81%D0%B8%D0%BC-%D0%A2%D0%B5%D0%BC%D1%87%D0%B5%D0%BD%D0%BA%D0%BE-5-%D0%B3%D0%BE%D1%82%D0%BE%D0%B2%D1%8B%D1%85-%D1%81%D1%82%D1%80%D0%B0%D1%82%D0%B5%D0%B3%D0%B8%D0%B9-%D1%84%D0%B8%D0%BD%D0%B0%D0%BD%D1%81%D0%BE%D0%B2%D0%BE%D0%B3%D0%BE-%D1%80%D0%BE%D1%81%D1%82%D0%B0-%D0%BE%D1%82-%D0%B4%D0%BE%D0%BB%D0%BB%D0%B0%D1%80%D0%BE%D0%B2%D0%BE%D0%B3%D0%BE-%D0%BC%D0%B8%D0%BB%D0%BB%D0%B8%D0%BE%D0%BD%D0%B5%D1%80%D0%B0-2019.41414/,18 Ноя 2019 в 22:37,MAESTROKIRO,Дева Мариан
[Максим Темченко] 5 готовых стратегий финансового роста от долларового миллионера (2019),https://sharewood.pro/threads/%D0%9C%D0%B0%D0%BA%D1%81%D0%B8%D0%BC-%D0%A2%D0%B5%D0%BC%D1%87%D0%B5%D0%BD%D0%BA%D0%BE-5-%D0%B3%D0%BE%D1%82%D0%BE%D0%B2%D1%8B%D1%85-%D1%81%D1%82%D1%80%D0%B0%D1%82%D0%B5%D0%B3%D0%B8%D0%B9-%D1%84%D0%B8%D0%BD%D0%B0%D0%BD%D1%81%D0%BE%D0%B2%D0%BE%D0%B3%D0%BE-%D1%80%D0%BE%D1%81%D1%82%D0%B0-%D0%BE%D1%82-%D0%B4%D0%BE%D0%BB%D0%BB%D0%B0%D1%80%D0%BE%D0%B2%D0%BE%D0%B3%D0%BE-%D0%BC%D0%B8%D0%BB%D0%BB%D0%B8%D0%BE%D0%BD%D0%B5%D1%80%D0%B0-2019.41414/,18 Ноя 2019 в 23:02,VK108,Дева Мариан
[Александра Митрошина] Инсталогия,https://sharewood.pro/threads/%D0%90%D0%BB%D0%B5%D0%BA%D1%81%D0%B0%D0%BD%D0%B4%D1%80%D0%B0-%D0%9C%D0%B8%D1%82%D1%80%D0%BE%D1%88%D0%B8%D0%BD%D0%B0-%D0%98%D0%BD%D1%81%D1%82%D0%B0%D0%BB%D0%BE%D0%B3%D0%B8%D1%8F.9062/,18 Ноя 2019 в 23:18,zefear88,Уилл Скарлет
Оформить премиум подписку!,https://sharewood.pro/threads/%D0%9E%D1%84%D0%BE%D1%80%D0%BC%D0%B8%D1%82%D1%8C-%D0%BF%D1%80%D0%B5%D0%BC%D0%B8%D1%83%D0%BC-%D0%BF%D0%BE%D0%B4%D0%BF%D0%B8%D1%81%D0%BA%D1%83.1774/,18 Ноя 2019 в 23:41,VLAD975H,Уилл Скарлет
